{"Year":[2016,2008,2016,2005,2010,2015,2016,2019,2004,2013,2019,2019],"SeriesCode":["SH_HLF_EMED","SH_HLF_EMED","SH_HLF_EMED","SH_HLF_EMED","SH_HLF_EMED","SH_HLF_EMED","SH_HLF_EMED","SH_HLF_EMED","SH_HLF_EMED","SH_HLF_EMED","SH_HLF_EMED","SH_HLF_EMED"],"\u0421\u0442\u0440\u0430\u043d\u0430 ":["Chile","Colombia","Colombia","\u041a\u044b\u0440\u0433\u044b\u0437\u0441\u0442\u0430\u043d","\u041a\u044b\u0440\u0433\u044b\u0437\u0441\u0442\u0430\u043d","\u041a\u044b\u0440\u0433\u044b\u0437\u0441\u0442\u0430\u043d","\u041a\u044b\u0440\u0433\u044b\u0437\u0441\u0442\u0430\u043d","Republic of Moldova","\u0422\u0430\u0434\u0436\u0438\u043a\u0438\u0441\u0442\u0430\u043d","\u0422\u0430\u0434\u0436\u0438\u043a\u0438\u0441\u0442\u0430\u043d","Ukraine","Ukraine"],"Value":[36.36364,88.76405,8.33333,0.0,0.0,0.0,0.0,25.0,0.0,15.0,19.75,19.75]}