{"data":{"Year":[2017,2017,2017,2017,2017,2017,2017,2017,2017,2017,2017,2017,2017,2017,2017,2017,2017,2017,2017,2017,2017,2017,2017,2017,2017,2017,2017,2017,2017,2017,2017,2017,2017,2017,2017,2017,2017,2017,2017,2017,2017,2017,2017,2017,2017,2017,2017,2017,2017,2017,2017,2017,2017,2017,2017,2017,2017,2017,2017,2017],"SeriesCode":["EN_WBE_WTLN","EN_WBE_WTLN","EN_WBE_WTLN","EN_WBE_WTLN","EN_WBE_WTLN","EN_WBE_WTLN","EN_WBE_WTLN","EN_WBE_WTLN","EN_WBE_WTLN","EN_WBE_WTLN","EN_WBE_WTLN","EN_WBE_WTLN","EN_WBE_WTLN","EN_WBE_WTLN","EN_WBE_WTLN","EN_WBE_WTLN","EN_WBE_WTLN","EN_WBE_WTLN","EN_WBE_WTLN","EN_WBE_WTLN","EN_WBE_WTLN","EN_WBE_WTLN","EN_WBE_WTLN","EN_WBE_WTLN","EN_WBE_WTLN","EN_WBE_WTLN","EN_WBE_WTLN","EN_WBE_WTLN","EN_WBE_WTLN","EN_WBE_WTLN","EN_WBE_WTLN","EN_WBE_WTLN","EN_WBE_WTLN","EN_WBE_WTLN","EN_WBE_WTLN","EN_WBE_WTLN","EN_WBE_WTLN","EN_WBE_WTLN","EN_WBE_WTLN","EN_WBE_WTLN","EN_WBE_WTLN","EN_WBE_WTLN","EN_WBE_WTLN","EN_WBE_WTLN","EN_WBE_WTLN","EN_WBE_WTLN","EN_WBE_WTLN","EN_WBE_WTLN","EN_WBE_WTLN","EN_WBE_WTLN","EN_WBE_WTLN","EN_WBE_WTLN","EN_WBE_WTLN","EN_WBE_WTLN","EN_WBE_WTLN","EN_WBE_WTLN","EN_WBE_WTLN","EN_WBE_WTLN","EN_WBE_WTLN","EN_WBE_WTLN"],"Country":["Albania","Azerbaijan","Australia","Austria","Armenia","Belgium","Bosnia and Herzegovina","Bulgaria","Chile","China","Colombia","Costa Rica","Croatia","Cyprus","Czechia","Denmark","Estonia","Finland","France","Georgia","Germany","Greece","Hungary","Iceland","India","Ireland","Israel","Italy","Japan","Kazakhstan","Republic of Korea","Kyrgyzstan","Latvia","Liechtenstein","Lithuania","Luxembourg","Malta","Mexico","Moldova","Montenegro","New Zealand","Norway","Poland","Portugal","Romania","Serbia","Slovakia","Viet Nam","Slovenia","Spain","Switzerland","Tajikistan","United Arab Emirates","T\u00fcrkiye","Turkmenistan","Ukraine","North Macedonia","United Kingdom of Great Britain and Northern Ireland","Uzbekistan","Uzbekistan"],"Value":[53.47194,423.07867,610746.4028,211.27664,27.30114,55.91849,45.31671,214.79629,11376.86819,61632.53532,57827.6695,398.03833,186.29869,62.29913,122.17394,391.02087,1888.37351,30358.60591,1800.1583,89.14849,2262.42176,215.80388,649.2202,965.77007,80524.56022,3451.02247,473.63777,965.79417,3205.89026,20749.25931,60.08448,328.12245,1809.51507,2.10658,656.65348,0.50884,0.0,28716.05413,181.43864,72.37577,11868.02,8918.1107,2133.46596,240.61578,3490.21713,134.26205,68.85415,41132.07683,36.35146,1058.22155,137.452,1646.52451,33.91094,2231.29074,6327.25102,5427.70858,55.17572,13615.7941,7943.72207,7943.72207]},"edges":{"From":["SeriesCode"],"To":["Country"]}}