{"data":{"Year":[2016,2018,2018,2016,2018,2018,2016,2018,2016,2016,2018,2018,2016,2016,2018,2018,2016,2018,2016,2016],"SeriesCode":["SG_PLN_RECRIMON","SG_PLN_RECRIMON","SG_PLN_RECRIMON","SG_PLN_RECRIMON","SG_PLN_RECRIMON","SG_PLN_RECRIMON","SG_PLN_RECRIMON","SG_PLN_RECRIMON","SG_PLN_RECRIMON","SG_PLN_RECRIMON","SG_PLN_RECRIMON","SG_PLN_RECRIMON","SG_PLN_RECRIMON","SG_PLN_RECRIMON","SG_PLN_RECRIMON","SG_PLN_RECRIMON","SG_PLN_RECRIMON","SG_PLN_RECRIMON","SG_PLN_RECRIMON","SG_PLN_RECRIMON"],"\u0421\u0442\u0440\u0430\u043d\u0430 ":["Albania","Albania","Azerbaijan","Armenia","Armenia","Bosnia and Herzegovina","Belarus","Belarus","Colombia","Costa Rica","Costa Rica","Georgia","\u041a\u044b\u0440\u0433\u044b\u0437\u0441\u0442\u0430\u043d","Republic of Moldova","Republic of Moldova","Montenegro","Viet Nam","Viet Nam","\u0422\u0430\u0434\u0436\u0438\u043a\u0438\u0441\u0442\u0430\u043d","\u0422\u0430\u0434\u0436\u0438\u043a\u0438\u0441\u0442\u0430\u043d"],"Value":[74.5,50.49388,23.94872,59.6,34.30555,25.24998,55.5,23.82206,38.1,32.8,20.90476,30.38907,88.1,39.2,33.76568,66.66667,23.3,61.48762,78.1,78.1]},"edges":{"From":["SeriesCode"],"To":["\u0421\u0442\u0440\u0430\u043d\u0430 "]}}