{"data":{"Year":[2016,2018,2018,2016,2018,2018,2016,2018,2016,2016,2018,2018,2016,2016,2018,2018,2016,2018,2016,2016],"SeriesCode":["SG_PLN_REPOLRES","SG_PLN_REPOLRES","SG_PLN_REPOLRES","SG_PLN_REPOLRES","SG_PLN_REPOLRES","SG_PLN_REPOLRES","SG_PLN_REPOLRES","SG_PLN_REPOLRES","SG_PLN_REPOLRES","SG_PLN_REPOLRES","SG_PLN_REPOLRES","SG_PLN_REPOLRES","SG_PLN_REPOLRES","SG_PLN_REPOLRES","SG_PLN_REPOLRES","SG_PLN_REPOLRES","SG_PLN_REPOLRES","SG_PLN_REPOLRES","SG_PLN_REPOLRES","SG_PLN_REPOLRES"],"\u0421\u0442\u0440\u0430\u043d\u0430 ":["Albania","Albania","Azerbaijan","Armenia","Armenia","Bosnia and Herzegovina","Belarus","Belarus","Colombia","Costa Rica","Costa Rica","Georgia","\u041a\u044b\u0440\u0433\u044b\u0437\u0441\u0442\u0430\u043d","Republic of Moldova","Republic of Moldova","Montenegro","Viet Nam","Viet Nam","\u0422\u0430\u0434\u0436\u0438\u043a\u0438\u0441\u0442\u0430\u043d","\u0422\u0430\u0434\u0436\u0438\u043a\u0438\u0441\u0442\u0430\u043d"],"Value":[81.06667,68.9863,51.55556,63.3,57.22222,33.85746,73.8,45.71901,57.43333,54.96667,42.09023,43.7096,90.76667,56.2,60.43758,62.53968,50.23333,65.76296,73.66667,73.66667]},"edges":{"From":["SeriesCode"],"To":["\u0421\u0442\u0440\u0430\u043d\u0430 "]}}