{"data":{"Year":[2016,2018,2018,2016,2018,2018,2016,2018,2016,2016,2018,2018,2016,2016,2018,2018,2016,2018,2016,2016],"SeriesCode":["SG_PLN_RECRICTRY","SG_PLN_RECRICTRY","SG_PLN_RECRICTRY","SG_PLN_RECRICTRY","SG_PLN_RECRICTRY","SG_PLN_RECRICTRY","SG_PLN_RECRICTRY","SG_PLN_RECRICTRY","SG_PLN_RECRICTRY","SG_PLN_RECRICTRY","SG_PLN_RECRICTRY","SG_PLN_RECRICTRY","SG_PLN_RECRICTRY","SG_PLN_RECRICTRY","SG_PLN_RECRICTRY","SG_PLN_RECRICTRY","SG_PLN_RECRICTRY","SG_PLN_RECRICTRY","SG_PLN_RECRICTRY","SG_PLN_RECRICTRY"],"\u0421\u0442\u0440\u0430\u043d\u0430 ":["Albania","Albania","Azerbaijan","Armenia","Armenia","Bosnia and Herzegovina","Belarus","Belarus","Colombia","Costa Rica","Costa Rica","Georgia","\u041a\u044b\u0440\u0433\u044b\u0437\u0441\u0442\u0430\u043d","Republic of Moldova","Republic of Moldova","Montenegro","Viet Nam","Viet Nam","\u0422\u0430\u0434\u0436\u0438\u043a\u0438\u0441\u0442\u0430\u043d","\u0422\u0430\u0434\u0436\u0438\u043a\u0438\u0441\u0442\u0430\u043d"],"Value":[89.2,75.76326,40.71795,39.2,37.36111,22.89773,65.9,26.37845,41.7,69.2,35.19047,40.24592,89.9,45.5,53.26135,20.95238,28.9,72.38663,76.2,76.2]},"edges":{"From":["SeriesCode"],"To":["\u0421\u0442\u0440\u0430\u043d\u0430 "]}}