{"data":{"Year":[2016,2018,2018,2016,2018,2018,2016,2018,2016,2016,2018,2018,2016,2016,2018,2018,2016,2018,2016,2016],"SeriesCode":["SG_PLN_RECNDI","SG_PLN_RECNDI","SG_PLN_RECNDI","SG_PLN_RECNDI","SG_PLN_RECNDI","SG_PLN_RECNDI","SG_PLN_RECNDI","SG_PLN_RECNDI","SG_PLN_RECNDI","SG_PLN_RECNDI","SG_PLN_RECNDI","SG_PLN_RECNDI","SG_PLN_RECNDI","SG_PLN_RECNDI","SG_PLN_RECNDI","SG_PLN_RECNDI","SG_PLN_RECNDI","SG_PLN_RECNDI","SG_PLN_RECNDI","SG_PLN_RECNDI"],"\u0421\u0442\u0440\u0430\u043d\u0430 ":["Albania","Albania","Azerbaijan","Armenia","Armenia","Bosnia and Herzegovina","Belarus","Belarus","Colombia","Costa Rica","Costa Rica","Georgia","\u041a\u044b\u0440\u0433\u044b\u0437\u0441\u0442\u0430\u043d","Republic of Moldova","Republic of Moldova","Montenegro","Viet Nam","Viet Nam","\u0422\u0430\u0434\u0436\u0438\u043a\u0438\u0441\u0442\u0430\u043d","\u0422\u0430\u0434\u0436\u0438\u043a\u0438\u0441\u0442\u0430\u043d"],"Value":[79.5,80.70176,90.0,91.1,100.0,53.42466,100.0,86.95652,92.5,62.9,70.17544,60.49383,94.3,83.9,94.28571,100.0,98.5,63.41463,66.7,66.7]},"edges":{"From":["SeriesCode"],"To":["\u0421\u0442\u0440\u0430\u043d\u0430 "]}}